Peptide Number,9-mer Peptide Sequence,10-mer Peptide Sequence,8-mer Peptide Sequence,Experimental pBL50,netMHC Predictions,IEDB:SMM Predictions,IEDB:Comblib Predictions
1,ERSGLYPQK,,,7.380,766,892.42,0.000122
2,SRHHLPVQR,,,7.301,203,180.12,4.07E-05
3,SRLDLVQKK,,,7.249,60,107.54,7.59E-05
4,RRSFAPVKR,,,7.090,62,81.58,3.39E-06
5,KRWHLVQQV,,,7.053,34,70.08,2.82E-05
6,RRVMLAVKR,,,7.053,19,27.26,1.83E-05
7,RRHHLAGRK,,,7.003,17,17.4,9.40E-06
8,ERVPLIVGR,,,6.983,334,728.74,2.64E-05
9,ERVVLVHRV,,,6.963,1053,1696.56,5.38E-05
10,GRIDKPALK,,,6.923,203,235.81,9.59E-05
11,GRAFVTIGK,,,6.912,59,126.64,0.000112
12,RRADRTIKK,,,6.896,33,41.07,0.000175
13,RRLDVTIKK,,,6.892,28,31.3,5.50E-05
14,GRIAKPILK,,,6.880,71,130.19,0.000252
15,SRWMQFDAK,,,6.877,72,96.07,0.000162
16,IRLRPGGKK,,,6.809,77,184.32,0.000172
17,GRIDKPILK,,,6.769,134,191.68,0.000264
18,RRWMLIQRR,,,6.768,10,7.9,1.02E-07
19,RRRVIGQRK,,,6.712,46,63.76,7.69E-06
20,RQVIPIIGK,,,6.708,137,534.04,0.000327
21,GRIDKPIAK,,,6.688,216,362.72,0.000283
22,VRIMLPLVK,,,6.675,94,250.36,0.000115
23,RRHHIGGQF,,,6.672,27,33.77,1.01E-05
24,ERVVLAGGK,,,6.672,322,588.26,0.000637
25,GRIQLYVAR,,,6.670,64,155.44,3.44E-05
26,GRIDAPILK,,,6.630,113,144.4,0.000129
27,GRIDKAILK,,,6.624,82,133.84,0.000385
28,IRIHLPPLR,,,6.617,106,154.02,1.23E-05
29,VRRQLPQAV,,,6.608,2717,2418.63,0.000126
30,RRRFITRKR,,,6.604,47,50.07,1.91E-05
31,RRVWIQVVK,,,6.581,38,39.14,5.62E-06
32,LRWHCCACK,,,6.569,85,121.22,6.92E-06
33,ARIDKPILK,,,6.555,142,235.27,0.00047
34,VRRALYLGK,,,6.550,56,169.66,0.000307
35,RRSKEITVR,,,6.537,147,191.24,9.12E-07
36,IRRVLYLAK,,,6.534,98,191.24,0.000185
37,VRICHRLRK,,,6.524,134,327.02,6.03E-05
38,RRLVVTLQC,,,6.509,481,162.77,2.88E-05
39,PRVFLFGAK,,,6.506,771,483.69,0.000165
40,ARPEIIVLR,,,6.491,398,241.31,1.36E-05
41,RRGACHAKK,,,6.481,107,156.16,3.24E-06
42,VQQWLTWCN,,,6.476,11789,10754,0.00552
43,RRYQKSTEL,,,6.470,27,76.31,2.41E-05
44,RRIMRSWGK,,,6.464,18,29.96,0.000133
45,IRTQLVEQK,,,6.460,178,219.57,0.000102
46,RRMRHLEKK,,,6.449,14,14.84,2.40E-06
47,TRTVQVQKV,,,6.446,3670,2058.59,0.000234
48,IRIFATYAK,,,6.443,77,242.98,5.01E-05
49,MRTFSWPKC,,,6.438,8054,1894.83,5.61E-05
50,ARHHLPLGK,,,6.431,28,67.08,5.50E-05
51,TRHHLLASV,,,6.429,676,482.58,0.000117
52,DRIKGVVKK,,,6.423,1548,1048.5,0.000387
53,,KRWIILGLNK,,6.423,14,37.61,
55,TRIMESWGK,,,6.420,559,542.71,0.000589
56,IRQQLIYLK,,,6.415,30,62.74,3.31E-05
57,RRIMESWLK,,,6.402,30,46.19,5.25E-05
58,RRSALQYKV,,,6.401,48,80.46,4.90E-05
59,SRYWAIRTR,,,6.398,81,160.54,1.86E-06
60,IRHWHTYLH,,,6.390,437,330.04,4.90E-05
61,CRMWLTCHK,,,6.382,59,78.09,3.63E-06
62,RRRHHPHHV,,,6.376,116,216.56,8.71E-06
63,PRYHIYVVV,,,6.371,1887,1295.9,0.000176
64,RRIVIIGLV,,,6.362,25,62.31,7.59E-06
65,GRLTKHTKF,,,6.357,106,170.05,4.00E-06
66,RRHFPFVLF,,,6.354,24,25.62,3.31E-06
67,KRYKSIVKY,,,6.343,48,147.42,5.24E-05
68,FRYWAIRTR,,,6.340,31,91.74,7.24E-07
69,RRRWRRLTV,,,6.336,80,111.58,6.37E-06
70,GREMFRLGK,,,6.333,409,431.09,6.15E-05
71,NRIMGCIGK,,,6.326,1061,823.32,0.0007
72,VRRMLLAMV,,,6.323,871,1131.28,0.000158
73,RRGWEVLKY,,,6.323,124,205.86,1.12E-05
74,GRADKPILK,,,6.314,137,170.83,0.00027
75,WRICQIGCK,,,6.310,70,148.11,4.79E-05
76,MRLHILHQK,,,6.301,37,82.33,1.02E-05
77,TRHVLNVKY,,,6.298,222,252.68,0.000457
78,GRWYCRGVR,,,6.293,48,82.52,2.34E-06
79,GRIDKPILA,,,6.258,1059,633.24,0.000552
80,VRAQLTFGL,,,6.246,49,305.89,0.00017
81,LRCIPVWMK,,,6.240,747,996.71,0.000912
82,FRRGACHAK,,,6.238,216,215.07,2.00E-05
83,HRSDFQWRK,,,6.236,88,189.05,5.50E-05
84,CRGVRAVRR,,,6.235,1318,715.43,6.71E-05
85,WRNINFHKK,,,6.230,104,118.46,0.00011
86,RQAWRIICK,,,6.222,57,242.98,5.73E-05
87,ERTTLGRKK,,,6.222,766,718.74,0.000826
88,ARAMESAKK,,,6.209,398,436.08,0.000129
89,GRICPQYRN,,,6.198,4354,884.24,9.73E-05
90,,KRQDILDLWV,,6.195,359,423.91,
91,RRQHIYPQR,,,6.191,49,38.42,5.21E-06
92,VRNAALVIK,,,6.187,417,537.74,0.00012
93,QRRMIYTWK,,,6.172,457,234.73,0.000468
94,SRHRMWWEK,,,6.161,50,96.95,0.000417
95,ERRCSRWGK,,,6.154,1570,1329.14,0.00178
96,ARYWAIRTR,,,6.152,49,143.08,1.29E-06
97,LRYDIWTRK,,,6.151,32,111.58,1.91E-05
98,RRTLHYYFV,,,6.146,76,136.32,4.65E-05
99,WRRWLYVLW,,,6.146,915,176.43,8.61E-05
100,RRIRESWLK,,,6.145,25,35.77,4.68E-05
101,WRRDVHMQV,,,6.139,2469,974.02,0.000275
102,KRTHLTVGV,,,6.135,195,328.53,0.00012
103,TRRQLFPNK,,,6.134,669,336.18,0.000244
104,ERIVLVGFR,,,6.131,447,842.5,0.00017
105,KRGILTLKY,,,6.116,206,337.73,0.000457
106,YRMTASCDT,,,6.107,5748,700.76,1.43E-05
107,LRYWAIRTR,,,6.087,61,175.21,1.58E-06
108,SRVNLTGKV,,,6.073,595,592.34,0.000468
109,RRTYFDNGK,,,6.072,91,70.72,6.47E-05
110,CRAREPHVY,,,6.067,1450,518.29,0.00012
111,KRRVVQREK,,,6.052,375,221.09,0.000794
112,ELRSRYWAI,,,6.041,19502,126057.88,0.0286
113,HRYPILAGH,,,6.039,77,200.71,0.000129
114,RRIYDLIEL,,,6.015,38,82.71,7.59E-05
115,RQLWVIICK,,,6.015,47,185.17,1.79E-05
116,KRYEGLTQR,,,6.003,88,165.41,2.69E-05
117,RRYPNAVYL,,,5.967,17,36.19,4.20E-05
118,RRHACRSCF,,,5.953,39,36.44,2.57E-06
119,ERSMLLELK,,,5.932,719,630.33,6.04E-05
120,VRRAFDGLR,,,5.925,1014,557.92,0.000107
121,VRGLPVCCV,,,5.921,5647,6245.54,0.000178
122,FRYNGLIHR,,,5.918,36,132,4.17E-05
123,WRCHDDRWK,,,5.911,4801,1043.69,0.000526
124,LRKHNCGFS,,,5.909,11101,3037.88,0.000375
125,ARWWQHDEK,,,5.905,97,108.79,1.95E-05
126,KRSLDIVNM,,,5.863,259,225.2,6.27E-05
127,ERRLAYVGV,,,5.841,4094,3455.97,0.00033
128,RRISGVDRY,,,5.838,77,126.93,9.12E-05
129,FLRGRAYGI,,,5.825,10779,8483.4,0.0027
130,DCKTILKAL,,,5.806,25865,172016.46,0.00509
131,,,EADVQQWL,5.803,32449,155060.08,
132,TEADVQQWL,,,5.799,23278,112349.2,0.00315
133,VRHHDVRAV,,,5.771,1503,1427.48,0.000324
134,,LRGKWQRRYR,,5.758,718,1331.28,
135,MRVTAPRTL,,,5.752,605,440.12,0.000105
136,RARWRRLTV,,,5.747,11002,9174.24,6.29E-05
137,ERFFAPWQV,,,5.731,861,1477.64,4.48E-05
138,VRTQPPVIM,,,5.725,1748,1249.02,0.000316
139,RRIYDLIAL,,,5.719,30,79.35,4.27E-05
140,DPKVKQWPL,,,5.697,24407,503002.33,0.00791
141,KQWPLTEEK,,,5.692,206,333.86,0.000555
142,RRIRQGLER,,,5.661,30,42.91,1.61E-05
143,TRDWFNRSH,,,5.648,8475,1572.43,0.000209
144,GRQAEMEKK,,,5.637,272,256.19,4.68E-05
145,CRPIRDAYK,,,5.626,7197,1055.77,0.00125
146,SRKTIDNSR,,,5.566,3629,488.17,0.000252
147,VRKNTDFLK,,,5.519,425,525.5,0.000243
148,DRRQLTQLK,,,5.463,2227,800.88,0.000128
149,RVMAPRALL,,,5.459,1526,1776.52,9.09E-05
150,ERRMEVYLY,,,5.348,3389,1752.14,0.000448
151,ARQIKDIWK,,,5.309,1755,451.41,0.00311
152,RWGFTTPDK,,,5.291,14272,10152.43,0.000194
153,VRADFRDSR,,,5.271,648,481.47,0.000204
154,WRRRSRSAK,,,5.253,346,208.72,0.000155
155,ARLTMLMAM,,,5.187,56,152.61,0.00012
156,CRRCRWTEK,,,5.180,861,301.7,0.000358
157,SRSWIMTID,,,5.125,9588,2975.57,5.01E-05
158,YKFSGFTQK,,,5.110,1523,1830.5,7.63E-05
159,TRKVLPVLC,,,4.974,10300,1776.52,0.000457
160,EREMLIARV,,,4.966,8047,12605.79,2.09E-05
161,RQARRNRRR,,,4.927,143,243.54,0.00012
162,QRPLVTIKI,,,4.863,2519,880.18,0.00134
163,WRRAAPAEE,,,4.674,10678,5230.82,0.000302
164,VRCSCHVGA,,,4.673,7219,6274.37,6.92E-05
165,RRAAPAEES,,,4.653,619,235.81,0.000111
166,IRSMAVVGC,,,4.648,8165,2096.86,0.000331
167,QRCIEHLDK,,,4.621,6947,2585.65,0.000331
168,APRTLVYLL,,,4.579,19726,31518.82,0.00154
169,GRFTKEGTL,,,4.472,128,253.85,1.56E-05
170,GREVTMEIL,,,4.451,3788,2288.6,8.77E-05
171,ARETFLGVI,,,4.378,3540,2150.65,0.000126
172,GRDEDMSIK,,,4.354,3847,1335.27,0.000132
173,LVMAPRTVL,,,4.314,13771,18688.31,0.000322
174,GEIYKRWII,,,4.214,18279,76132.48,0.00389
175,HRNGIATPD,,,4.197,3511,678.53,0.000118
176,VRCSPDMLG,,,3.834,17844,36861.25,0.00364
177,QRYKGDAWE,,,3.754,10890,9584.51,0.00106
178,FRMIMKNEP,,,3.706,4787,943.13,0.000263
179,KRRVVQREK,,,3.706,375,221.09,0.000794
180,NRNPNLKTL,,,3.352,2562,1292.92,0.000452
181,YRIAWSDTP,,,2.993,3799,949.66,0.000138
182,QRSSSECGI,,,2.532,3609,1226.22,0.00034
183,FRGSYTFGE,,,2.454,4827,6785.31,0.000234
184,SRKSTSLIQ,,,2.381,7780,2841.65,0.000859
185,SRRTFIKSV,,,2.149,1386,733.79,7.59E-05
186,NRFPYEWLG,,,1.642,3710,2025.68,0.000385
187,SRVDSTTHQ,,,1.584,8148,4330.82,0.000338
188,DRFSNTDYA,,,0,8206,2901.15,0.000499
189,NRLMAIYLS,,,0,1311,557.92,2.75E-05
190,MRGSVAVPG,,,0,7466,5815.27,0.00043
191,PRSSTPIPG,,,0,15825,12605.79,0.00277
192,ERMVKLNFT,,,0,9776,3886.6,0.000418
193,PRITTAIND,,,0,16952,5365,0.00938
194,FRELLVGVD,,,0,13675,4555.86,0.000354
195,FRGVLQVSS,,,0,3361,1065.54,0.000201
196,FRDGEQFIE,,,0,15644,19978.83,0.000148
197,TRVDQKMRG,,,0,14256,9898.51,0.000813
198,PRNLTVCVE,,,0,19248,20728.6,0.00031
199,FREFTPDLV,,,0,5929,2764.2,0.000175
200,NRVFTEDKW,,,0,12762,2701.28,0.00181
201,GAIDKPILK,,,0,16267,15760.5,0.00261
202,IRGEKLQYW,,,0,10937,3868.74,0.000417
203,PRQSRGKTI,,,0,4667,1379.02,0.00223
204,DRTNWYLHA,,,0,3215,1060.64,0.000412
205,ERCYHVIMQ,,,0,12511,29347.42,0.00132
206,RQLLSGIVQ,,,0,3511,3166.43,0.00123
207,SQKQEPIDK,,,0,16329,13199.88,0.011
208,ERDAPAGES,,,0,18315,25326.2,0.00387
209,SRGRAAVVQ,,,0,8527,4781.56,0.000318
210,ERKAPERVN,,,0,19547,13199.88,0.00281
211,MRPAEAPDH,,,0,12518,3400.71,0.000341
212,SRVDSTTHQ,,,0,8148,4330.82,0.000338
213,DRVKNSNQN,,,0,19233,8233.23,0.00299
214,DRVITTVDG,,,0,19903,25856.52,0.00416
215,ERSLHIGKD,,,0,16009,11710.35,0.000126
216,SRSGYTQNP,,,0,10470,4472.7,0.000571
217,NRVASTASD,,,0,14941,5279.22,0.00092
218,DRLSETENF,,,0,6666,1631.44,7.85E-05
219,VRVFLIILC,,,0,1998,911.11,9.55E-05
220,IRLLLIYQK,,,0,24,58.69,1.48E-05
221,ERTMLVYCC,,,0,8549,3440.09,0.000914
222,DREVLVNKK,,,0,8100,3627.19,0.00161
223,EREFGYAQV,,,0,12943,32327.34,0.000307
